image,method,raw_bytes,out_bytes,encode_ms,decode_ms,encode_throughput_mbps,decode_throughput_mbps,ratio,bpp,lossless
oexr_ScanLines_CandleGlass.exr,exr_none,12960000,6493493,38.74675,9.342958,334.47966603650633,1387.1409889673057,1.9958441473641382,64.13326419753086,True
oexr_ScanLines_CandleGlass.exr,exr_rle,12960000,4651957,32.814166,8.384125,394.9513755735862,1545.7784801634043,2.7859242894979466,45.94525432098765,True
oexr_ScanLines_CandleGlass.exr,exr_zips,12960000,3165650,49.693209,8.233292,260.80022322567254,1574.0969711750781,4.093945951068501,31.26567901234568,True
oexr_ScanLines_CandleGlass.exr,exr_zip,12960000,2877447,32.026333,8.533792,404.6669969990008,1518.668371575028,4.503992601775115,28.41922962962963,True
oexr_ScanLines_CandleGlass.exr,exr_piz,12960000,2629171,22.82225,12.741625,567.8668842905498,1017.1387087596754,4.929310417618329,25.967120987654322,True
oexr_ScanLines_CandleGlass.exr,jxl_e3_ll,12960000,6970081,360.250625,134.487792,35.97495493588665,96.36562402630567,1.8593758092624748,68.8403061728395,False
oexr_ScanLines_CandleGlass.exr,jxl_e7_ll,12960000,6521853,2116.588125,164.802125,6.1230618498343885,78.63976268509889,1.9871653040937904,64.41336296296296,False
oexr_ScanLines_CandleGlass.exr,jxl_e3_nl,12960000,2035486,359.174083,148.438833,36.08278161873946,87.30868963379685,6.367029790428428,20.103565432098765,False
oexr_ScanLines_CandleGlass.exr,jxl_e7_nl,12960000,1963079,3778.444834,184.587292,3.429982590556991,70.21068384274255,6.601873893001759,19.388434567901236,False
oexr_ScanLines_CandleGlass.exr,zstd_3,12960000,4770942,103.0175,61.6485,125.80386827480768,210.22409304362637,2.7164446769631656,47.120414814814815,True
oexr_ScanLines_CandleGlass.exr,zstd_19,12960000,3875832,8193.036084,77.099625,1.5818311877460545,168.09420279281514,3.343798183202987,38.27982222222222,True
oexr_ScanLines_CandleGlass.exr,zstd_22,12960000,3876547,9200.884791,67.35875,1.40856018680693,192.40262029803108,3.343181444723874,38.28688395061728,True
oexr_ScanLines_CandleGlass.exr,xz_9,12960000,3179608,10745.663958,347.159417,1.2060678661323163,37.331552495377075,4.075974145240545,31.403535802469136,True
oexr_ScanLines_CandleGlass.exr,bzip2_9,12960000,3141192,1160.490041,520.665417,11.167696009551538,24.891224914982207,4.1258222993054865,31.02411851851852,True
oexr_ScanLines_CandleGlass.exr,lz4_9,12960000,5340530,582.621833,37.590542,22.244274529272577,344.76757477984756,2.4267254373629585,52.745975308641974,True
oexr_ScanLines_CandleGlass.exr,zfp,12960000,4702632,45.734,58.124708,283.3777933266279,222.9688620543264,2.7559035025492107,46.44574814814815,True
oexr_ScanLines_CandleGlass.exr,blosc_zstd9_shuf,12960000,3411120,681.453209,12.096625,19.018180307666583,1071.3732136029678,3.799338633645254,33.690074074074076,True
oexr_ScanLines_CandleGlass.exr,blosc_zstd9_bitshuf,12960000,2968635,590.138333,12.176917,21.96095267039703,1064.308806572304,4.36564279542618,29.31985185185185,True
oexr_ScanLines_CandleGlass.exr,blosc_zstd9_noshuf,12960000,3937550,1248.192041,16.380208,10.383017656174912,791.1987442406104,3.291386776040939,38.88938271604938,True
oexr_ScanLines_CandleGlass.exr,blosc_lz4hc9_shuf,12960000,4263497,173.481417,7.854625,74.70540778439688,1649.983290099782,3.0397582078748973,42.10861234567901,True
oexr_ScanLines_CandleGlass.exr,blosc_lz4_shuf,12960000,4910600,8.709708,8.780417,1487.994775485011,1476.0119023959796,2.639188693845966,48.49975308641975,True
oexr_ScanLines_CandleGlass.exr,planes_zstd19,12960000,3383322,3702.2865,170.0495,3.500539463923173,76.21310265540329,3.830554703335952,33.41552592592593,True
oexr_ScanLines_CandleGlass.exr,our_v0_passthrough,12960000,12960021,16.235417,12.173833,798.2548277016845,1064.578428174594,0.9999983796322552,128.0002074074074,True
oexr_ScanLines_CandleGlass.exr,our_v1a_rans_static,12960000,12960034,128.216875,147.5335,101.07873866057025,87.84445566600128,0.9999973765500924,128.00033580246912,True
oexr_ScanLines_CandleGlass.exr,our_v1b_rans_order0,12960000,6136208,191.366625,164.847792,67.72340788264411,78.61797748555833,2.112053567936419,60.604523456790126,True
oexr_ScanLines_CandleGlass.exr,our_v1c_rans_order1,12960000,4717263,182.475167,299.425625,71.02336286668532,43.282868658953284,2.747355829005082,46.59025185185185,True
oexr_ScanLines_CandleGlass.exr,our_v2a_bitshuf_order0,12960000,5318612,213.442833,192.185875,60.71883425572786,67.43471652118035,2.436725972866605,52.5295012345679,True
oexr_ScanLines_CandleGlass.exr,our_v2b_bitshuf_order1,12960000,3290173,166.932084,211.628666,77.63636378013469,61.239340798944504,3.9390025995593545,32.495535802469135,True
oexr_ScanLines_CandleGlass.exr,our_v4a_pred_order0,12960000,4239457,232.122875,209.268958,55.83249819734483,61.92987303926844,3.0569952708566217,41.87118024691358,True
oexr_ScanLines_CandleGlass.exr,our_v4b_pred_order1,12960000,3880662,232.847917,343.976458,55.65864692704123,37.67699706937503,3.339636381627671,38.327525925925926,True
oexr_ScanLines_CandleGlass.exr,our_v4c_pred_bitshuf_order0,12960000,4133094,264.872792,278.411667,48.92914784543065,46.54977336132971,3.135665436111543,40.82068148148148,True
oexr_ScanLines_CandleGlass.exr,our_v4d_pred_bitshuf_order1,12960000,3257342,276.745083,349.401333,46.83010032015637,37.09201647493428,3.9787041090557884,32.17127901234568,True
oexr_ScanLines_CandleGlass.exr,our_v3a_rct_order1,12960000,4909057,194.146708,306.989542,66.75364281736881,42.2164218219525,2.640018235681517,48.48451358024691,True
oexr_ScanLines_CandleGlass.exr,our_v3b_rct_bitshuf_order1,12960000,3290173,242.622375,310.628084,53.41634298980051,41.72191977335829,3.9390025995593545,32.495535802469135,True
oexr_ScanLines_CandleGlass.exr,our_v3c_rct_pred_bitshuf_order1,12960000,3468753,300.406583,379.612167,43.14153128927937,34.14010700031119,3.736212984896878,34.25928888888889,True
oexr_ScanLines_Cannon.exr,exr_none,5297760,2658343,24.934791,6.550208,212.46458412264212,808.7926368139762,1.9928805274563892,48.17147775663677,True
oexr_ScanLines_Cannon.exr,exr_rle,5297760,2525029,20.76575,6.652,255.12008957056693,796.4161154539988,2.098098675302343,45.75571260306243,True
oexr_ScanLines_Cannon.exr,exr_zips,5297760,1660921,41.594875,8.92375,127.36569108574072,593.669701638885,3.1896520063266105,30.097327172238835,True
oexr_ScanLines_Cannon.exr,exr_zip,5297760,1482127,22.547084,7.377,234.96430846667354,718.145587637251,3.5744305312567684,26.857425024916193,True
oexr_ScanLines_Cannon.exr,exr_piz,5297760,1447958,23.401875,10.1505,226.38186042785034,521.9210876311512,3.658780157988008,26.238253148500498,True
oexr_ScanLines_Cannon.exr,jxl_e3_ll,5297760,3693388,209.985583,123.05575,25.22916061337411,43.051706238838904,1.4343903212984934,66.92738968922714,True
oexr_ScanLines_Cannon.exr,jxl_e7_ll,5297760,3449297,832.117542,137.354625,6.366600549324797,38.56994258475097,1.5358955752433032,62.5042493431186,True
oexr_ScanLines_Cannon.exr,jxl_e3_nl,5297760,1393709,194.576916,137.804458,27.22707353425213,38.444039306769014,3.801195227985182,25.255214279242548,True
oexr_ScanLines_Cannon.exr,jxl_e7_nl,5297760,1287483,1765.865583,144.106875,3.000092448146434,36.76271517233304,4.114819380139388,23.330307148681708,True
oexr_ScanLines_Cannon.exr,zstd_3,5297760,2620552,75.349334,46.155542,70.3093142137129,114.78058257879414,2.021619872454353,47.48667210292652,True
oexr_ScanLines_Cannon.exr,zstd_19,5297760,1794922,3687.637041,51.385125,1.4366272876365764,103.09909725820458,2.9515265844421092,32.52554136087705,True
oexr_ScanLines_Cannon.exr,zstd_22,5297760,1794922,4304.584458,45.018208,1.2307250680502273,117.68038390155378,2.9515265844421092,32.52554136087705,True
oexr_ScanLines_Cannon.exr,xz_9,5297760,1491300,3963.190167,200.339,1.3367413060600684,26.44397745820834,3.552444176222088,27.02364773036151,True
oexr_ScanLines_Cannon.exr,bzip2_9,5297760,1874361,613.266708,281.585209,8.638590568982917,18.814056387457484,2.8264352491329046,33.96504484914379,True
oexr_ScanLines_Cannon.exr,lz4_9,5297760,2962558,209.27175,27.872083,25.315218131448702,190.07406084432228,1.788238407484343,53.68411706079551,True
oexr_ScanLines_Cannon.exr,zfp,5297760,2825360,28.918209,33.683041,183.19806734919166,157.28271090487345,1.8750743268114505,51.19797046298813,True
oexr_ScanLines_Cannon.exr,blosc_zstd9_shuf,5297760,1481413,427.81775,4.290208,12.383216918886607,1234.849219431785,3.576153307686648,26.844486726465526,True
oexr_ScanLines_Cannon.exr,blosc_zstd9_bitshuf,5297760,1376979,192.350375,7.638209,27.542239000053936,693.5866771909489,3.847378936062206,24.95205218809459,True
oexr_ScanLines_Cannon.exr,blosc_zstd9_noshuf,5297760,1801761,689.035958,8.4045,7.688655343006061,630.3480278422273,2.940323383623022,32.64946996466431,True
oexr_ScanLines_Cannon.exr,blosc_lz4hc9_shuf,5297760,1598376,96.765708,5.100125,54.748320551739255,1038.7510110046321,3.314464181143861,28.963957597173145,True
oexr_ScanLines_Cannon.exr,blosc_lz4_shuf,5297760,1801345,5.831792,4.89925,908.4274610617115,1081.3410215849365,2.9410024176379315,32.64193168433451,True
oexr_ScanLines_Cannon.exr,planes_zstd19,5297760,1477699,1372.757958,97.237875,3.8592090973695163,54.48247403596593,3.5851414936330066,26.77718582948265,True
oexr_ScanLines_Cannon.exr,our_v0_passthrough,5297760,5297781,8.615208,5.087,614.9311775177105,1041.4310988794969,0.9999960360762364,96.00038053818973,True
oexr_ScanLines_Cannon.exr,our_v1a_rans_static,5297760,5297794,53.902125,61.211708,98.28480788095091,86.5481485992843,0.9999935822344168,96.00061610945004,True
oexr_ScanLines_Cannon.exr,our_v1b_rans_order0,5297760,3208735,75.992375,69.758125,69.71436278968778,75.94470178205047,1.6510431681020714,58.14505753375011,True
oexr_ScanLines_Cannon.exr,our_v1c_rans_order1,5297760,2255071,70.950375,118.204125,74.66852712194968,44.81874046273766,2.3492652781220635,40.863839811542995,True
oexr_ScanLines_Cannon.exr,our_v2a_bitshuf_order0,5297760,2515673,94.322083,95.121041,56.16669852382289,55.69493294338526,2.1059016811803444,45.586173779106645,True
oexr_ScanLines_Cannon.exr,our_v2b_bitshuf_order1,5297760,1720645,104.212417,144.786833,50.83616859207862,36.59006755123928,3.0789384213478086,31.179577783818065,True
oexr_ScanLines_Cannon.exr,our_v4a_pred_order0,5297760,1973928,97.333708,92.978792,54.42883158216884,56.97815476028125,2.6838668887619,35.7692851318293,True
oexr_ScanLines_Cannon.exr,our_v4b_pred_order1,5297760,1895846,101.196125,137.40825,52.35141167707756,38.55489026313922,2.7944041868379603,34.3543716589653,True
oexr_ScanLines_Cannon.exr,our_v4c_pred_bitshuf_order0,5297760,1973792,120.334542,119.353625,44.02526416729122,44.38708920654903,2.6840518149835444,35.76682069402917,True
oexr_ScanLines_Cannon.exr,our_v4d_pred_bitshuf_order1,5297760,1769833,129.248917,179.898792,40.98881540338167,29.448557942512483,2.9933671708008607,32.07090694935218,True
oexr_ScanLines_Cannon.exr,our_v3a_rct_order1,5297760,2408504,79.39625,146.373708,66.72556953256608,36.193385221886984,2.1996060625184763,43.64417867174051,True
oexr_ScanLines_Cannon.exr,our_v3b_rct_bitshuf_order1,5297760,1757358,99.464667,150.866833,53.26273298637796,35.11547166897843,3.0146162591799737,31.844849143789073,True
oexr_ScanLines_Cannon.exr,our_v3c_rct_pred_bitshuf_order1,5297760,1831480,128.615625,188.259917,41.19064071725345,28.14066894547712,2.892611439928364,33.18800398659056,True
oexr_ScanLines_Tree.exr,exr_none,13452288,6741204,33.787208,7.056584,398.1473698566629,1906.3456199203465,1.9955319554192397,64.14329755651976,True
oexr_ScanLines_Tree.exr,exr_rle,13452288,4806542,25.719167,10.342458,523.0452448168326,1300.6857750836405,2.798745543053613,45.73477582400852,True
oexr_ScanLines_Tree.exr,exr_zips,13452288,4032168,66.808958,16.671125,201.35455487870354,806.9214285178715,3.336241942300023,38.366522036994745,True
oexr_ScanLines_Tree.exr,exr_zip,13452288,3652748,40.376917,9.308875,333.16778495,1445.103516805199,3.6827856725949886,34.75629900281647,True
oexr_ScanLines_Tree.exr,exr_piz,13452288,3672586,37.345708,15.804584,360.2097461909143,851.1636876997205,3.6628925776006334,34.945059754890764,True
oexr_ScanLines_Tree.exr,jxl_e3_ll,13452288,7491680,341.423875,213.438584,39.400548658174536,63.026505085884565,1.7956303526044892,71.28415924488087,True
oexr_ScanLines_Tree.exr,jxl_e7_ll,13452288,6991105,1991.629041,220.765459,6.754414463270522,60.93474976083102,1.9242005376832418,66.52113305929817,True
oexr_ScanLines_Tree.exr,jxl_e3_nl,13452288,3305368,353.136333,205.969708,38.09375230727109,65.31197296254845,4.069830651231572,31.450940092867473,False
oexr_ScanLines_Tree.exr,jxl_e7_nl,13452288,3137740,4025.527667,271.076584,3.341745259951284,49.625415081960746,4.287253883368284,29.855941234680675,False
oexr_ScanLines_Tree.exr,zstd_3,13452288,5696212,121.141333,62.332541,111.04622730212155,215.81485022405872,2.3616199677961425,54.200083732967954,True
oexr_ScanLines_Tree.exr,zstd_19,13452288,4787230,10275.523416,66.284042,1.309158420003546,202.94912009137883,2.8100358662525093,45.55102001979143,True
oexr_ScanLines_Tree.exr,zstd_22,13452288,4786308,11907.292875,62.221875,1.1297520050291028,216.1986921802019,2.8105771713813654,45.54224708837634,True
oexr_ScanLines_Tree.exr,xz_9,13452288,3944504,15219.612334,410.553125,0.8838784920919525,32.766254062735484,3.4103877192164083,37.53238943442186,True
oexr_ScanLines_Tree.exr,bzip2_9,13452288,3992603,1638.668292,714.050083,8.209280710241508,18.839418018805834,3.369302682986513,37.99005671005557,True
oexr_ScanLines_Tree.exr,lz4_9,13452288,6410060,466.659542,43.480167,28.826771531010504,309.3890600742173,2.0986212297544795,60.99242597244424,True
oexr_ScanLines_Tree.exr,zfp,13452288,7527344,58.66875,79.320917,229.2922211569191,169.59319822285968,1.787122788595818,71.62350612773083,True
oexr_ScanLines_Tree.exr,blosc_zstd9_shuf,13452288,4274281,811.133,10.442959,16.584565046669287,1288.1682289473702,3.147263364294486,40.67025386313466,True
oexr_ScanLines_Tree.exr,blosc_zstd9_bitshuf,13452288,3862273,428.464917,13.266375,31.39647487171044,1014.0138508070214,3.4829977062729642,36.74995242445003,True
oexr_ScanLines_Tree.exr,blosc_zstd9_noshuf,13452288,5006879,1701.333875,15.270708,7.9069065735260216,880.9210417748803,2.686761154004321,47.64100441501104,True
oexr_ScanLines_Tree.exr,blosc_lz4hc9_shuf,13452288,5445909,329.711791,10.078708,40.80014232793997,1334.723458602035,2.4701639340650017,51.818423155971686,True
oexr_ScanLines_Tree.exr,blosc_lz4_shuf,13452288,6445225,16.2185,10.614167,829.4409470666214,1267.3898950336845,2.087171200384781,61.327024815406865,True
oexr_ScanLines_Tree.exr,planes_zstd19,13452288,4239935,5836.57725,189.6585,2.304824801213759,70.9290013366129,3.172758072942156,40.34344789525767,True
oexr_ScanLines_Tree.exr,our_v0_passthrough,13452288,13452309,27.6935,12.488792,485.75615216567064,1077.1488547491222,0.9999984389297034,128.0001998173099,True
oexr_ScanLines_Tree.exr,our_v1a_rans_static,13452288,13452322,139.001375,176.158042,96.77809302246112,76.36488148522905,0.9999974725552957,128.00032351373983,True
oexr_ScanLines_Tree.exr,our_v1b_rans_order0,13452288,7451907,197.949958,183.344083,67.958024017363,73.37181424065918,1.8052141552491194,70.9057147750628,True
oexr_ScanLines_Tree.exr,our_v1c_rans_order1,13452288,5250134,200.218708,367.787959,67.18796727027127,36.57620558480546,2.5622751724051236,49.95560249676486,True
oexr_ScanLines_Tree.exr,our_v2a_bitshuf_order0,13452288,7031734,266.407042,254.843125,50.49524178869116,52.78654466350622,1.9130826052293788,66.90772246327168,True
oexr_ScanLines_Tree.exr,our_v2b_bitshuf_order1,13452288,4269069,253.080875,322.35575,53.154107357974006,41.73118674011554,3.1511057797379243,40.62066110984243,True
oexr_ScanLines_Tree.exr,our_v4a_pred_order0,13452288,5650707,266.76975,248.544958,50.42658697247346,54.12416372574333,2.380638033435462,53.76709865266042,True
oexr_ScanLines_Tree.exr,our_v4b_pred_order1,13452288,4805984,278.742417,455.988708,48.2606420105771,29.5013621258358,2.799070492119824,45.7294663926315,True
oexr_ScanLines_Tree.exr,our_v4c_pred_bitshuf_order0,13452288,5472013,308.196791,311.731416,43.64837140695601,43.15345617908462,2.4583801244624235,52.06680558727259,True
oexr_ScanLines_Tree.exr,our_v4d_pred_bitshuf_order1,13452288,4575690,319.485584,416.701416,42.106087641187585,32.28279886622703,2.9399474177665006,43.53819365151861,True
oexr_ScanLines_Tree.exr,our_v3a_rct_order1,13452288,5637519,184.684,389.758041,72.83948799029694,34.514459189823356,2.386207124091289,53.6416133820507,True
oexr_ScanLines_Tree.exr,our_v3b_rct_bitshuf_order1,13452288,4269069,282.295917,346.795125,47.65314405875733,38.79030306438131,3.1511057797379243,40.62066110984243,True
oexr_ScanLines_Tree.exr,our_v3c_rct_pred_bitshuf_order1,13452288,5042388,330.768958,418.153416,40.669741445326316,32.17069976058739,2.667840713566667,47.97887645581183,True
oexr_TestImages_GrayRampsHorizontal.exr,exr_none,2560000,1293115,10.793209,6.425375,237.18617882781666,398.42032566192637,1.9797156478735456,16.1639375,True
oexr_TestImages_GrayRampsHorizontal.exr,exr_rle,2560000,558355,10.029583,4.480708,255.24490898574746,571.33827957546,4.584896705500981,6.9794375,True
oexr_TestImages_GrayRampsHorizontal.exr,exr_zips,2560000,180922,18.251375,5.5675,140.2634048119662,459.81140547822184,14.149744088612772,2.261525,True
oexr_TestImages_GrayRampsHorizontal.exr,exr_zip,2560000,35444,7.85925,2.0255,325.73082673283074,1263.885460380153,72.22661099198736,0.44305,True
oexr_TestImages_GrayRampsHorizontal.exr,exr_piz,2560000,128913,14.449041,3.124084,177.1743882517878,819.4401943097561,19.858354083761917,1.6114125,True
oexr_TestImages_GrayRampsHorizontal.exr,zstd_3,2560000,18086,19.22375,25.524792,133.16860654138762,100.2946468672497,141.54594714143536,0.226075,True
oexr_TestImages_GrayRampsHorizontal.exr,zstd_19,2560000,12073,50.767958,26.806166,50.425506576411834,95.50041583716225,212.04340263397665,0.1509125,True
oexr_TestImages_GrayRampsHorizontal.exr,zstd_22,2560000,12073,183.243917,25.371916,13.970450107765378,100.89896245912213,212.04340263397665,0.1509125,True
oexr_TestImages_GrayRampsHorizontal.exr,xz_9,2560000,10320,97.577042,29.853292,26.235679495182893,85.75268683936096,248.06201550387595,0.129,True
oexr_TestImages_GrayRampsHorizontal.exr,bzip2_9,2560000,41725,860.011083,87.056458,2.9767058246155185,29.406204419665222,61.35410425404434,0.5215625,True
oexr_TestImages_GrayRampsHorizontal.exr,lz4_9,2560000,37592,22.958042,21.892792,111.50776708222767,116.9334637628677,68.09959565865077,0.4699,True
oexr_TestImages_GrayRampsHorizontal.exr,zfp,2560000,409800,31.410667,14.787125,81.50097544888173,173.1235787889803,6.246949731576379,5.1225,True
oexr_TestImages_GrayRampsHorizontal.exr,blosc_zstd9_shuf,2560000,6725,14.090417,2.243334,181.6837642207466,1141.158650472912,380.6691449814126,0.0840625,True
oexr_TestImages_GrayRampsHorizontal.exr,blosc_zstd9_bitshuf,2560000,9765,16.033417,2.951084,159.666526480288,867.4778488175872,262.16077828981054,0.1220625,True
oexr_TestImages_GrayRampsHorizontal.exr,blosc_zstd9_noshuf,2560000,14474,12.67025,0.734125,202.0481048124544,3487.1445598501614,176.8688683156004,0.180925,True
oexr_TestImages_GrayRampsHorizontal.exr,blosc_lz4hc9_shuf,2560000,19837,5.580292,1.73625,458.7573553498634,1474.442044636429,129.05177194132176,0.2479625,True
oexr_TestImages_GrayRampsHorizontal.exr,blosc_lz4_shuf,2560000,24732,1.74425,1.724333,1467.6795184176578,1484.6320287322692,103.50962316027818,0.30915,True
oexr_TestImages_GrayRampsHorizontal.exr,planes_zstd19,2560000,5395,193.753208,71.695667,13.212684457849079,35.706481397264916,474.5134383688601,0.0674375,True
oexr_TestImages_GrayRampsHorizontal.exr,our_v0_passthrough,2560000,2560021,6.68675,4.299208,382.84667439338995,595.4585123585553,0.9999917969422907,32.0002625,True
oexr_TestImages_GrayRampsHorizontal.exr,our_v1a_rans_static,2560000,2560034,31.987041,32.848167,80.03241062529041,77.93433344393311,0.9999867189263892,32.000425,True
oexr_TestImages_GrayRampsHorizontal.exr,our_v1b_rans_order0,2560000,1581221,39.025542,39.374667,65.59806395513993,65.01642286904928,1.6190020243849532,19.7652625,True
oexr_TestImages_GrayRampsHorizontal.exr,our_v1c_rans_order1,2560000,1183348,40.406375,79.978833,63.3563391915261,32.00846904080233,2.163353468295041,14.79185,True
oexr_TestImages_GrayRampsHorizontal.exr,our_v2a_bitshuf_order0,2560000,904278,46.989333,44.024291,54.480449850181955,58.14971557406796,2.830987815693846,11.303475,True
oexr_TestImages_GrayRampsHorizontal.exr,our_v2b_bitshuf_order1,2560000,485617,48.362708,58.759417,52.93334690853126,43.56748468079593,5.271644114600601,6.0702125,True
oexr_TestImages_GrayRampsHorizontal.exr,our_v4a_pred_order0,2560000,21167,40.79425,35.572875,62.75394203840003,71.96494520052146,120.94297727594841,0.2645875,True
oexr_TestImages_GrayRampsHorizontal.exr,our_v4b_pred_order1,2560000,146493,39.896833,41.021416,64.16549403808568,62.40642692587696,17.475237724669437,1.8311625,True
oexr_TestImages_GrayRampsHorizontal.exr,our_v4c_pred_bitshuf_order0,2560000,19596,49.485292,45.42825,51.732543075627405,56.352599979087906,130.6389058991631,0.24495,True
oexr_TestImages_GrayRampsHorizontal.exr,our_v4d_pred_bitshuf_order1,2560000,138737,53.451292,53.34525,47.894071484745396,47.98927739583187,18.452179303286073,1.7342125,True
oexr_TestImages_GrayRampsHorizontal.exr,our_v3a_rct_order1,2560000,1183348,38.007834,77.943042,67.35453538341595,32.8444968827365,2.163353468295041,14.79185,True
oexr_TestImages_GrayRampsHorizontal.exr,our_v3b_rct_bitshuf_order1,2560000,485617,49.813083,55.745,51.39212122245074,45.92340120190152,5.271644114600601,6.0702125,True
oexr_TestImages_GrayRampsHorizontal.exr,our_v3c_rct_pred_bitshuf_order1,2560000,138737,53.415959,56.26575,47.92575192743427,45.49837156707233,18.452179303286073,1.7342125,True
ph_abandoned_tiled_room_1k.exr,exr_none,6291456,6300023,23.222792,4.932292,270.91729538808255,1275.564382644012,0.9986401636946405,96.13072204589844,True
ph_abandoned_tiled_room_1k.exr,exr_rle,6291456,6299968,24.243167,5.643042,259.5146087967797,1114.9050458954584,0.9986488820260674,96.1298828125,True
ph_abandoned_tiled_room_1k.exr,exr_zips,6291456,2903624,48.323417,8.6465,130.19476664905548,727.6303706702134,2.166759883511088,44.3057861328125,True
ph_abandoned_tiled_room_1k.exr,exr_zip,6291456,2326126,32.862792,8.517083,191.44618022716998,738.6867076439199,2.70469269506467,35.493865966796875,True
ph_abandoned_tiled_room_1k.exr,exr_piz,6291456,1788306,22.425333,10.908583,280.55128545917245,576.7436522232082,3.5181093168618793,27.287384033203125,True
ph_abandoned_tiled_room_1k.exr,jxl_e3_ll,6291456,4471892,255.209083,157.548542,24.652163340126886,39.93344476650251,1.4068890751386662,68.23565673828125,True
ph_abandoned_tiled_room_1k.exr,jxl_e7_ll,6291456,3985437,795.965167,148.2775,7.90418508351635,42.43028106084875,1.5786113291967732,60.81294250488281,True
ph_abandoned_tiled_room_1k.exr,jxl_e3_nl,6291456,1060405,233.790708,150.768083,26.91063324894846,41.729362573377024,5.933068968931682,16.180496215820312,True
ph_abandoned_tiled_room_1k.exr,jxl_e7_nl,6291456,1004196,2253.507958,184.666875,2.791849914558855,34.06921788220004,6.265167357766811,15.32281494140625,True
ph_abandoned_tiled_room_1k.exr,zstd_3,6291456,2055283,74.369667,47.0085,84.59707100745793,133.83656147292513,3.061114211522209,31.361129760742188,True
ph_abandoned_tiled_room_1k.exr,zstd_19,6291456,1628546,3313.488833,47.857834,1.8987406679453867,131.46136116398415,3.8632350575298458,24.849639892578125,True
ph_abandoned_tiled_room_1k.exr,zstd_22,6291456,1628467,4006.770958,48.307958,1.570206050195695,130.23643019644922,3.863422470335598,24.848434448242188,True
ph_abandoned_tiled_room_1k.exr,xz_9,6291456,1376352,4761.553792,188.966208,1.321303144904175,33.294079754196055,4.571109716119133,21.00146484375,True
ph_abandoned_tiled_room_1k.exr,bzip2_9,6291456,1367902,700.407167,318.247625,8.98256942022411,19.769058763596426,4.599347029246247,20.872528076171875,True
ph_abandoned_tiled_room_1k.exr,lz4_9,6291456,2332819,472.72825,33.552334,13.308821717339718,187.5117242216294,2.6969327667512997,35.59599304199219,True
ph_abandoned_tiled_room_1k.exr,zfp,6291456,2663840,52.96925,39.333792,118.77562925659699,159.95040600204527,2.3617995074779268,40.64697265625,True
ph_abandoned_tiled_room_1k.exr,blosc_zstd9_shuf,6291456,1507428,274.785916,7.644,22.895845942846652,823.0580847723705,4.173636153766548,23.00152587890625,True
ph_abandoned_tiled_room_1k.exr,blosc_zstd9_bitshuf,6291456,1526083,162.410417,9.6425,38.738007796630434,652.4714544983148,4.1226171839932695,23.286178588867188,True
ph_abandoned_tiled_room_1k.exr,blosc_zstd9_noshuf,6291456,1645615,683.119416,9.048208,9.209891934911713,695.3261905561852,3.82316398428551,25.110092163085938,True
ph_abandoned_tiled_room_1k.exr,blosc_lz4hc9_shuf,6291456,1720175,90.198084,5.682875,69.75154815927132,1107.0903371972813,3.6574511314255815,26.247787475585938,True
ph_abandoned_tiled_room_1k.exr,blosc_lz4_shuf,6291456,1981688,5.936584,6.315167,1059.7771378287582,996.2453882850605,3.1747964361695686,30.2381591796875,True
ph_abandoned_tiled_room_1k.exr,planes_zstd19,6291456,1493639,1536.349875,130.083917,4.09506721247333,48.364595294282225,4.212166393619877,22.791122436523438,True
ph_abandoned_tiled_room_1k.exr,our_v0_passthrough,6291456,6291477,18.597792,13.508834,338.290480934511,465.72901850744483,0.9999966621510339,96.00032043457031,True
ph_abandoned_tiled_room_1k.exr,our_v1a_rans_static,6291456,6291490,82.617917,85.529083,76.15123000498791,73.55925936912008,0.999994595874745,96.00051879882812,True
ph_abandoned_tiled_room_1k.exr,our_v1b_rans_order0,6291456,3058509,102.7145,84.871667,61.25187777772369,74.12904945062526,2.057033672289341,46.66914367675781,True
ph_abandoned_tiled_room_1k.exr,our_v1c_rans_order1,6291456,2426670,92.494542,195.042,68.01975407370524,32.25692927677116,2.592629405728838,37.028045654296875,True
ph_abandoned_tiled_room_1k.exr,our_v2a_bitshuf_order0,6291456,2748417,157.897791,135.991334,39.845117275896534,46.26365382958888,2.289119882463251,41.93751525878906,True
ph_abandoned_tiled_room_1k.exr,our_v2b_bitshuf_order1,6291456,1751604,183.090042,235.283208,34.36263344130971,26.739927823493467,3.5918255496105282,26.72735595703125,True
ph_abandoned_tiled_room_1k.exr,our_v4a_pred_order0,6291456,2013112,129.809833,132.406625,48.46671361174928,47.51617224591292,3.1252389335516355,30.7176513671875,True
ph_abandoned_tiled_room_1k.exr,our_v4b_pred_order1,6291456,1994193,133.481,194.871458,47.13371940575813,32.28515896873928,3.154888217940791,30.428970336914062,True
ph_abandoned_tiled_room_1k.exr,our_v4c_pred_bitshuf_order0,6291456,2088936,199.072291,167.973833,31.60387600100508,37.45497669270903,3.011799308356024,31.8746337890625,True
ph_abandoned_tiled_room_1k.exr,our_v4d_pred_bitshuf_order1,6291456,1757958,197.720917,202.875,31.819880746355228,31.011489833641406,3.5788431805538017,26.824310302734375,True
ph_abandoned_tiled_room_1k.exr,our_v3a_rct_order1,6291456,2577430,144.834792,219.876792,43.438844445608076,28.61355190228535,2.4409803564015315,39.328460693359375,True
ph_abandoned_tiled_room_1k.exr,our_v3b_rct_bitshuf_order1,6291456,1779329,170.437875,229.458709,36.913485338866145,27.41868472728137,3.53585874225621,27.150405883789062,True
ph_abandoned_tiled_room_1k.exr,our_v3c_rct_pred_bitshuf_order1,6291456,2088283,215.347167,261.735375,29.21541103905026,24.037469142258665,3.0127410892106097,31.864669799804688,True
ph_belfast_sunset_puresky_1k.exr,exr_none,8388608,8397607,24.05125,5.506709,348.7805415518944,1523.3432527486016,0.9989283851935439,128.13731384277344,True
ph_belfast_sunset_puresky_1k.exr,exr_rle,8388608,7423169,29.228458,11.648625,287.0013874833903,720.1371835731685,1.130057526643944,113.26856994628906,True
ph_belfast_sunset_puresky_1k.exr,exr_zips,8388608,6270611,51.354459,10.097334,163.34721781413373,830.7745391011132,1.3377656499502202,95.68193054199219,True
ph_belfast_sunset_puresky_1k.exr,exr_zip,8388608,5994528,47.934917,11.444,174.9999483674917,733.0136315973435,1.3993775656732272,91.46923828125,True
ph_belfast_sunset_puresky_1k.exr,exr_piz,8388608,5310274,101.497583,26.0655,82.64835232578888,321.8280102050603,1.5796940044901637,81.02835083007812,True
ph_belfast_sunset_puresky_1k.exr,jxl_e3_ll,8388608,3537835,389.524292,129.856958,21.53551953571101,64.59883343332284,2.3711134069282487,53.98307800292969,False
ph_belfast_sunset_puresky_1k.exr,jxl_e7_ll,8388608,3079537,1055.385667,153.849416,7.948381584378671,54.524795856228664,2.723983507910442,46.99000549316406,False
ph_belfast_sunset_puresky_1k.exr,jxl_e3_nl,8388608,848047,407.717417,145.117959,20.574563779305016,57.80544363912945,9.891678173497459,12.940170288085938,False
ph_belfast_sunset_puresky_1k.exr,jxl_e7_nl,8388608,776583,1940.934458,155.369167,4.3219429514605485,53.99145893599339,10.80194647577915,11.849716186523438,False
ph_belfast_sunset_puresky_1k.exr,zstd_3,8388608,5290250,107.145625,51.414666,78.29165213231991,163.15593686828578,1.585673266858844,80.72280883789062,True
ph_belfast_sunset_puresky_1k.exr,zstd_19,8388608,5233309,3730.222583,49.051625,2.248822372753299,171.01590416219645,1.6029261792108969,79.85395812988281,True
ph_belfast_sunset_puresky_1k.exr,zstd_22,8388608,5233309,4152.798875,55.696166,2.0199889887515923,150.61374242528652,1.6029261792108969,79.85395812988281,True
ph_belfast_sunset_puresky_1k.exr,xz_9,8388608,4375924,4804.523833,439.508917,1.7459811401876335,19.086320380616986,1.9169912457346152,66.77130126953125,True
ph_belfast_sunset_puresky_1k.exr,bzip2_9,8388608,5638753,1285.612458,670.5445,6.524989663720262,12.510143622086229,1.4876707669231122,86.04054260253906,True
ph_belfast_sunset_puresky_1k.exr,lz4_9,8388608,6615643,252.370209,40.982875,33.2392956888188,204.68568883954578,1.2679958697892253,100.94670104980469,True
ph_belfast_sunset_puresky_1k.exr,zfp,8388608,5966552,54.785791,75.076625,153.11648963870942,111.73395181256481,1.4059389744696769,91.0423583984375,True
ph_belfast_sunset_puresky_1k.exr,blosc_zstd9_shuf,8388608,4408488,449.180167,8.992667,18.675374863556698,932.8276027567794,1.9028310840360687,67.2681884765625,True
ph_belfast_sunset_puresky_1k.exr,blosc_zstd9_bitshuf,8388608,3950610,467.586167,11.960792,17.9402398788243,701.342185366989,2.1233703149640184,60.281524658203125,True
ph_belfast_sunset_puresky_1k.exr,blosc_zstd9_noshuf,8388608,5126596,560.533042,7.405208,14.965412154953748,1132.798430509987,1.6362919957024116,78.22564697265625,True
ph_belfast_sunset_puresky_1k.exr,blosc_lz4hc9_shuf,8388608,5373761,61.731084,4.505084,135.8895301433553,1862.0314293806728,1.561031091632099,81.99708557128906,True
ph_belfast_sunset_puresky_1k.exr,blosc_lz4_shuf,8388608,5646921,10.673417,5.43575,785.9346261839108,1543.2291772064573,1.4855189226128718,86.16517639160156,True
ph_belfast_sunset_puresky_1k.exr,planes_zstd19,8388608,4395598,1697.591,180.587208,4.9414776586350895,46.45183949020353,1.9084110967381458,67.07150268554688,True
ph_belfast_sunset_puresky_1k.exr,our_v0_passthrough,8388608,8388629,17.94775,11.224958,467.3905085595688,747.3175400745374,0.9999974966111864,128.0003204345703,True
ph_belfast_sunset_puresky_1k.exr,our_v1a_rans_static,8388608,8388642,95.424333,104.1005,87.90847927645457,80.5818223735717,0.9999959469005829,128.00051879882812,True
ph_belfast_sunset_puresky_1k.exr,our_v1b_rans_order0,8388608,6591402,116.732042,114.920334,71.8620856474009,72.9949845081376,1.2726591398916345,100.57681274414062,True
ph_belfast_sunset_puresky_1k.exr,our_v1c_rans_order1,8388608,5884973,128.002458,282.005084,65.53474152816659,29.7463006021551,1.4254284599096716,89.79756164550781,True
ph_belfast_sunset_puresky_1k.exr,our_v2a_bitshuf_order0,8388608,5747370,216.924542,185.626333,38.67062676568887,45.19082968686345,1.4595559360194315,87.69790649414062,True
ph_belfast_sunset_puresky_1k.exr,our_v2b_bitshuf_order1,8388608,4241368,221.283292,229.631375,37.90890818815186,36.530757175494855,1.9778071603312894,64.7181396484375,True
ph_belfast_sunset_puresky_1k.exr,our_v4a_pred_order0,8388608,4786280,106.5555,137.302708,78.72524646780316,61.095721433258255,1.7526362853823847,73.0328369140625,True
ph_belfast_sunset_puresky_1k.exr,our_v4b_pred_order1,8388608,4681917,162.303792,368.198666,51.68460882294112,22.782831049148882,1.7917036974384637,71.44038391113281,True
ph_belfast_sunset_puresky_1k.exr,our_v4c_pred_bitshuf_order0,8388608,4700435,216.596708,198.026083,38.72915741637218,42.361126741066734,1.784645038171999,71.72294616699219,True
ph_belfast_sunset_puresky_1k.exr,our_v4d_pred_bitshuf_order1,8388608,4136077,223.142,269.509083,37.5931380018105,31.12551126894673,2.0281556653805044,63.11152648925781,True
ph_belfast_sunset_puresky_1k.exr,our_v3a_rct_order1,8388608,5934411,128.626584,267.324666,65.2167517719354,31.379850297839706,1.4135535944510753,90.55192565917969,True
ph_belfast_sunset_puresky_1k.exr,our_v3b_rct_bitshuf_order1,8388608,4241368,211.643334,286.894209,39.63558805022415,29.239377222842442,1.9778071603312894,64.7181396484375,True
ph_belfast_sunset_puresky_1k.exr,our_v3c_rct_pred_bitshuf_order1,8388608,4271214,234.505583,303.773084,35.771463914358065,27.614717833262674,1.963986819672346,65.17355346679688,True
ph_kloppenheim_06_puresky_1k.exr,exr_none,8388608,8397607,22.44425,5.720208,373.7530993461577,1466.4865333568289,0.9989283851935439,128.13731384277344,True
ph_kloppenheim_06_puresky_1k.exr,exr_rle,8388608,7423192,27.332416,8.572542,306.9105929018496,978.5438204910514,1.130054025276458,113.2689208984375,True
ph_kloppenheim_06_puresky_1k.exr,exr_zips,8388608,6276716,52.738417,12.518917,159.06067108536837,670.0745759397557,1.3364644823821883,95.77508544921875,True
ph_kloppenheim_06_puresky_1k.exr,exr_zip,8388608,6013501,37.770542,11.961583,222.09392706093547,701.2958067506617,1.394962435360034,91.75874328613281,True
ph_kloppenheim_06_puresky_1k.exr,exr_piz,8388608,5372679,84.518292,15.871875,99.25198204431295,528.520291395944,1.5613454665726354,81.98057556152344,True
ph_kloppenheim_06_puresky_1k.exr,jxl_e3_ll,8388608,3601228,327.41525,132.128375,25.620700318632075,63.48831581407097,2.3293743134286418,54.95037841796875,False
ph_kloppenheim_06_puresky_1k.exr,jxl_e7_ll,8388608,3163395,845.594333,140.754167,9.920369227450818,59.5975819316241,2.6517738063061995,48.26957702636719,False
ph_kloppenheim_06_puresky_1k.exr,jxl_e3_nl,8388608,943731,357.034083,125.543875,23.495258294430112,66.81813828034223,8.888770211002923,14.400192260742188,False
ph_kloppenheim_06_puresky_1k.exr,jxl_e7_nl,8388608,855347,2128.395458,173.679792,3.941282607266304,48.29927479415682,9.807257171650804,13.051559448242188,False
ph_kloppenheim_06_puresky_1k.exr,zstd_3,8388608,5347550,93.811333,45.820958,89.41998510990136,183.07360575045158,1.5686824807622182,81.59713745117188,True
ph_kloppenheim_06_puresky_1k.exr,zstd_19,8388608,5238373,3587.270666,49.780333,2.338437430859866,168.5124926745669,1.601376610638456,79.93122863769531,True
ph_kloppenheim_06_puresky_1k.exr,zstd_22,8388608,5238373,3696.816209,47.684583,2.2691439135052764,175.9186611739899,1.601376610638456,79.93122863769531,True
ph_kloppenheim_06_puresky_1k.exr,xz_9,8388608,4398124,4660.530834,442.702417,1.7999254374206763,18.94863835812308,1.9073150279528273,67.11004638671875,True
ph_kloppenheim_06_puresky_1k.exr,bzip2_9,8388608,5722901,710.039916,619.117042,11.814276649765139,13.54930882358105,1.4657964553292115,87.32453918457031,True
ph_kloppenheim_06_puresky_1k.exr,lz4_9,8388608,6591854,201.438083,33.3625,41.64360519654071,251.43823154739604,1.2725718743163912,100.58370971679688,True
ph_kloppenheim_06_puresky_1k.exr,zfp,8388608,6060456,46.849542,64.602541,179.0542157274451,129.8495054552111,1.3841545916676896,92.4752197265625,True
ph_kloppenheim_06_puresky_1k.exr,blosc_zstd9_shuf,8388608,4519695,423.559958,8.9965,19.805007157924024,932.4301672872784,1.8560119654091702,68.96507263183594,True
ph_kloppenheim_06_puresky_1k.exr,blosc_zstd9_bitshuf,8388608,4004084,448.96475,10.118625,18.684335462862062,829.0264734585974,2.0950129917354383,61.09747314453125,True
ph_kloppenheim_06_puresky_1k.exr,blosc_zstd9_noshuf,8388608,5133612,565.078,12.029,14.845044400949957,697.3653670296783,1.6340557097030317,78.33270263671875,True
ph_kloppenheim_06_puresky_1k.exr,blosc_lz4hc9_shuf,8388608,5506872,69.014416,5.92975,121.54863412884636,1414.6646991863063,1.5232981627319466,84.0281982421875,True
ph_kloppenheim_06_puresky_1k.exr,blosc_lz4_shuf,8388608,5757046,7.193833,8.090333,1166.0832271196732,1036.8680745279582,1.457102826692717,87.84555053710938,True
ph_kloppenheim_06_puresky_1k.exr,planes_zstd19,8388608,4513003,1618.017166,168.823042,5.1844987656948005,49.688762272154776,1.8587641089536169,68.86296081542969,True
ph_kloppenheim_06_puresky_1k.exr,our_v0_passthrough,8388608,8388629,11.852875,7.951458,707.7277031943727,1054.9773387471832,0.9999974966111864,128.0003204345703,True
ph_kloppenheim_06_puresky_1k.exr,our_v1a_rans_static,8388608,8388642,87.252208,99.772708,96.1420712699901,84.0771807055693,0.9999959469005829,128.00051879882812,True
ph_kloppenheim_06_puresky_1k.exr,our_v1b_rans_order0,8388608,6633404,123.354666,120.319334,68.00397805787095,69.7195348504838,1.2646007992276664,101.21771240234375,True
ph_kloppenheim_06_puresky_1k.exr,our_v1c_rans_order1,8388608,5924495,123.614458,430.417625,67.86105877679778,19.48946212414048,1.415919500311841,90.40061950683594,True
ph_kloppenheim_06_puresky_1k.exr,our_v2a_bitshuf_order0,8388608,5869201,201.195375,186.015292,41.69384112333596,45.096335413112165,1.4292589400158557,89.55690002441406,True
ph_kloppenheim_06_puresky_1k.exr,our_v2b_bitshuf_order1,8388608,4295926,222.177333,286.884625,37.75636284192861,29.24035402733764,1.9526891291889106,65.55062866210938,True
ph_kloppenheim_06_puresky_1k.exr,our_v4a_pred_order0,8388608,4827858,174.03925,165.236167,48.19951821212743,50.767384358413494,1.737542404934031,73.66726684570312,True
ph_kloppenheim_06_puresky_1k.exr,our_v4b_pred_order1,8388608,4728802,169.462208,302.1565,49.501349587041844,27.76246084396662,1.7739393613858225,72.15579223632812,True
ph_kloppenheim_06_puresky_1k.exr,our_v4c_pred_bitshuf_order0,8388608,4754106,225.099584,224.752167,37.2662083640279,37.323813656488575,1.764497468083379,72.54190063476562,True
ph_kloppenheim_06_puresky_1k.exr,our_v4d_pred_bitshuf_order1,8388608,4192848,285.264708,340.640792,29.40639961673773,24.625964350153343,2.000694515994856,63.977783203125,True
ph_kloppenheim_06_puresky_1k.exr,our_v3a_rct_order1,8388608,6015692,120.396792,371.4875,69.67468036855998,22.581131262828492,1.394454370336779,91.79217529296875,True
ph_kloppenheim_06_puresky_1k.exr,our_v3b_rct_bitshuf_order1,8388608,4295927,216.025375,265.901166,38.83158633563303,31.547842103106838,1.952688674644611,65.55064392089844,True
ph_kloppenheim_06_puresky_1k.exr,our_v3c_rct_pred_bitshuf_order1,8388608,4324816,242.801125,310.00725,34.54929626046831,27.059392965809668,1.93964506235641,65.991455078125,True
ph_spruit_sunrise_1k.exr,exr_none,6291456,6300465,20.587417,5.081542,305.5971518913713,1238.0997736513839,0.9985701055398292,96.13746643066406,True
ph_spruit_sunrise_1k.exr,exr_rle,6291456,6285679,29.109583,7.987833,216.13006273569772,787.6298866037886,1.0009190733411617,95.91184997558594,True
ph_spruit_sunrise_1k.exr,exr_zips,6291456,2248996,44.088458,9.104166,142.70074947960302,691.0524258894226,2.797450951446779,34.31695556640625,True
ph_spruit_sunrise_1k.exr,exr_zip,6291456,1763123,25.770458,7.602541,244.1344271025373,827.5464742643281,3.568359099166649,26.903121948242188,True
ph_spruit_sunrise_1k.exr,exr_piz,6291456,1375103,24.761666,9.801625,254.0804806914042,641.8788721257955,4.575261634946618,20.982406616210938,True
ph_spruit_sunrise_1k.exr,jxl_e3_ll,6291456,4036331,242.963375,131.294834,25.894668280764538,47.91853425093633,1.558706657110133,61.58952331542969,False
ph_spruit_sunrise_1k.exr,jxl_e7_ll,6291456,3194350,666.977042,148.575708,9.43279244085286,42.34511875925235,1.9695574999608685,48.741912841796875,False
ph_spruit_sunrise_1k.exr,jxl_e3_nl,6291456,994696,243.571334,140.915416,25.830034662453343,44.64703847590388,6.3250038202626735,15.1778564453125,False
ph_spruit_sunrise_1k.exr,jxl_e7_nl,6291456,906964,1624.29625,158.649417,3.87334268610175,39.65634490796774,6.9368310098306,13.83917236328125,False
ph_spruit_sunrise_1k.exr,zstd_3,6291456,1691578,64.787125,40.211208,97.10966492184983,156.4602585428421,3.719282232329813,25.811431884765625,True
ph_spruit_sunrise_1k.exr,zstd_19,6291456,1274978,3115.651416,47.029834,2.0193067708701595,133.77584960219082,4.93456043947425,19.454620361328125,True
ph_spruit_sunrise_1k.exr,zstd_22,6291456,1273124,3641.958917,47.13125,1.7274923038347938,133.48799363479645,4.941746444179828,19.42633056640625,True
ph_spruit_sunrise_1k.exr,xz_9,6291456,1094728,4080.778208,173.960584,1.5417294641659682,36.1659857384705,5.747049495399771,16.7042236328125,True
ph_spruit_sunrise_1k.exr,bzip2_9,6291456,1168716,729.959375,289.805875,8.618912525097715,21.70920793099864,5.383220559999178,17.83319091796875,True
ph_spruit_sunrise_1k.exr,lz4_9,6291456,2014764,461.983667,33.149917,13.61835157691841,189.78798649782442,3.1226764027945704,30.74285888671875,True
ph_spruit_sunrise_1k.exr,zfp,6291456,2554776,31.555375,38.7595,199.37826756931267,162.32036016976483,2.4626252947420832,38.9827880859375,True
ph_spruit_sunrise_1k.exr,blosc_zstd9_shuf,6291456,1205853,306.002417,5.274417,20.56015132717073,1192.8249131610187,5.217431975539307,18.399856567382812,True
ph_spruit_sunrise_1k.exr,blosc_zstd9_bitshuf,6291456,1245582,199.937,7.318667,31.467192165532143,859.6450692455335,5.05101711489087,19.006072998046875,True
ph_spruit_sunrise_1k.exr,blosc_zstd9_noshuf,6291456,1313615,720.485625,7.854208,8.732243616935452,801.0299701764965,4.789421558066861,20.044174194335938,True
ph_spruit_sunrise_1k.exr,blosc_lz4hc9_shuf,6291456,1403465,84.343791,4.685541,74.59299523304567,1342.7384372476947,4.482802207393843,21.415176391601562,True
ph_spruit_sunrise_1k.exr,blosc_lz4_shuf,6291456,1624796,5.547042,5.632584,1134.2001737142066,1116.9750863901897,3.8721513346906318,24.79241943359375,True
ph_spruit_sunrise_1k.exr,planes_zstd19,6291456,1203130,1013.586916,107.196708,6.207120376838014,58.690757555726435,5.229240397961982,18.358306884765625,True
ph_spruit_sunrise_1k.exr,our_v0_passthrough,6291456,6291477,15.375458,11.705417,409.18820109293654,537.4824322790038,0.9999966621510339,96.00032043457031,True
ph_spruit_sunrise_1k.exr,our_v1a_rans_static,6291456,6291490,74.104125,79.586834,84.90021304482039,79.05146723137649,0.999994595874745,96.00051879882812,True
ph_spruit_sunrise_1k.exr,our_v1b_rans_order0,6291456,3065110,95.289625,77.456708,66.02456458402476,81.22545048002813,2.052603658596266,46.769866943359375,True
ph_spruit_sunrise_1k.exr,our_v1c_rans_order1,6291456,2428626,100.082917,135.24025,62.862436353648654,46.52058836034391,2.590541318424492,37.057891845703125,True
ph_spruit_sunrise_1k.exr,our_v2a_bitshuf_order0,6291456,2533016,157.605542,132.445958,39.91900234066642,47.502061180304196,2.48378059988567,38.6507568359375,True
ph_spruit_sunrise_1k.exr,our_v2b_bitshuf_order1,6291456,1421798,174.301459,172.033125,36.09525724050308,36.57118941482926,4.4249998944997815,21.694915771484375,True
ph_spruit_sunrise_1k.exr,our_v4a_pred_order0,6291456,1676877,118.922083,120.289667,52.904017834938195,52.30254731688633,3.751888778962321,25.587112426757812,True
ph_spruit_sunrise_1k.exr,our_v4b_pred_order1,6291456,1700912,134.677667,170.449083,46.71491673522976,36.911058066531226,3.6988721344784445,25.953857421875,True
ph_spruit_sunrise_1k.exr,our_v4c_pred_bitshuf_order0,6291456,1765331,179.67275,154.641834,35.01619472067968,40.68404931100339,3.563895949258241,26.936813354492188,True
ph_spruit_sunrise_1k.exr,our_v4d_pred_bitshuf_order1,6291456,1475575,191.316458,204.699375,32.88507463377771,30.735101169703128,4.263731765582908,22.515487670898438,True
ph_spruit_sunrise_1k.exr,our_v3a_rct_order1,6291456,2647359,99.088208,142.963,63.49348854911172,44.00758238145534,2.3765027712524067,40.39549255371094,True
ph_spruit_sunrise_1k.exr,our_v3b_rct_bitshuf_order1,6291456,1452350,161.767458,176.285541,38.89197541819567,35.6890075289839,4.331914483423417,22.161102294921875,True
ph_spruit_sunrise_1k.exr,our_v3c_rct_pred_bitshuf_order1,6291456,1764832,193.058458,222.295084,32.58834689335393,28.30227230756034,3.564903628220703,26.92919921875,True
ph_studio_small_03_1k.exr,exr_none,6291456,6300023,20.846208,6.484458,301.80337834103926,970.2362171209992,0.9986401636946405,96.13072204589844,True
ph_studio_small_03_1k.exr,exr_rle,6291456,6299960,27.462583,4.748292,229.09192482003607,1324.9934923968449,0.9986501501596835,96.1297607421875,True
ph_studio_small_03_1k.exr,exr_zips,6291456,2566005,34.254542,9.243,183.66778922339702,680.6725089256736,2.4518486908638137,39.15412902832031,True
ph_studio_small_03_1k.exr,exr_zip,6291456,1999877,27.635416,6.893834,227.65917473433367,912.6207564614988,3.1459214741706614,30.515701293945312,True
ph_studio_small_03_1k.exr,exr_piz,6291456,1469189,24.968166,14.425833,251.97910010691214,436.1242778839877,4.2822645690922,22.418045043945312,True
ph_studio_small_03_1k.exr,jxl_e3_ll,6291456,4174600,260.795167,138.139667,24.124128036467795,45.5441665426919,1.5070799597566233,63.6993408203125,True
ph_studio_small_03_1k.exr,jxl_e7_ll,6291456,3505966,741.380292,144.814083,8.486138717051302,43.44505637618131,1.7945000037079653,53.496795654296875,True
ph_studio_small_03_1k.exr,jxl_e3_nl,6291456,856759,240.5015,127.621417,26.159737049457075,49.2978071227653,7.343320583734749,13.073104858398438,False
ph_studio_small_03_1k.exr,jxl_e7_nl,6291456,827844,1667.566166,157.014083,3.7728374011637267,40.06937390450511,7.599808659602534,12.63189697265625,False
ph_studio_small_03_1k.exr,zstd_3,6291456,1905701,66.117375,47.00225,95.15586485398129,133.85435803605148,3.3013867338055656,29.078689575195312,True
ph_studio_small_03_1k.exr,zstd_19,6291456,1478551,3151.289917,43.6185,1.996470069624508,144.23824753258367,4.255149805451419,22.560897827148438,True
ph_studio_small_03_1k.exr,zstd_22,6291456,1479078,3199.175292,42.553041,1.9665868312163746,147.84973887060153,4.253633682604974,22.568939208984375,True
ph_studio_small_03_1k.exr,xz_9,6291456,1191048,4378.152708,188.35575,1.4370115479306849,33.4019853389132,5.282285852459347,18.1739501953125,True
ph_studio_small_03_1k.exr,bzip2_9,6291456,1208088,704.517,268.897583,8.930169179735904,23.39722034615685,5.207779565727,18.4339599609375,True
ph_studio_small_03_1k.exr,lz4_9,6291456,2175869,539.220542,38.194167,11.667686057850519,164.72295363844432,2.89146819041036,33.20112609863281,True
ph_studio_small_03_1k.exr,zfp,6291456,2360160,27.144667,32.934958,231.77502969551998,191.02668963476438,2.665690461663616,36.01318359375,True
ph_studio_small_03_1k.exr,blosc_zstd9_shuf,6291456,1356919,363.266375,5.825459,17.31912566914568,1079.9931816531537,4.63657447496866,20.704940795898438,True
ph_studio_small_03_1k.exr,blosc_zstd9_bitshuf,6291456,1320359,211.751125,6.147666,29.71155879337123,1023.3893643538864,4.764958621102291,20.147079467773438,True
ph_studio_small_03_1k.exr,blosc_zstd9_noshuf,6291456,1480841,694.978833,7.339958,9.052730387257709,857.1514986870496,4.248569562836253,22.595840454101562,True
ph_studio_small_03_1k.exr,blosc_lz4hc9_shuf,6291456,1528846,56.247083,4.261459,111.85390716172783,1476.3619689876166,4.11516660278406,23.328338623046875,True
ph_studio_small_03_1k.exr,blosc_lz4_shuf,6291456,1737668,6.274666,4.249791,1002.675839638317,1480.415389839171,3.6206317892715987,26.51470947265625,True
ph_studio_small_03_1k.exr,planes_zstd19,6291456,1349503,1069.686875,116.8875,5.881586609165415,53.82488290022457,4.662054104362865,20.591781616210938,True
ph_studio_small_03_1k.exr,our_v0_passthrough,6291456,6291477,18.452542,10.211792,340.95334940844464,616.0971551320278,0.9999966621510339,96.00032043457031,True
ph_studio_small_03_1k.exr,our_v1a_rans_static,6291456,6291490,67.511291,82.792792,93.1911670893688,75.99038331742696,0.999994595874745,96.00051879882812,True
ph_studio_small_03_1k.exr,our_v1b_rans_order0,6291456,3159042,92.77175,77.742041,67.81650664129975,80.927332484106,1.9915708623057242,48.203155517578125,True
ph_studio_small_03_1k.exr,our_v1c_rans_order1,6291456,2499679,87.355583,137.227959,72.02122387529599,45.846750515323194,2.5169055706752745,38.14207458496094,True
ph_studio_small_03_1k.exr,our_v2a_bitshuf_order0,6291456,2525881,155.408084,114.088958,40.48345387232237,55.14517890504355,2.490796676486343,38.54188537597656,True
ph_studio_small_03_1k.exr,our_v2b_bitshuf_order1,6291456,1546344,154.470541,176.228333,40.72916401581063,35.70059304822455,4.068600518384008,23.5953369140625,True
ph_studio_small_03_1k.exr,our_v4a_pred_order0,6291456,1692331,119.059834,108.147459,52.84280843193516,58.1747926227282,3.7176273435870404,25.822921752929688,True
ph_studio_small_03_1k.exr,our_v4b_pred_order1,6291456,1724970,131.160667,156.045583,47.967551125673985,40.318065266865005,3.647284300596532,26.320953369140625,True
ph_studio_small_03_1k.exr,our_v4c_pred_bitshuf_order0,6291456,1794525,178.873292,166.563542,35.1726964358659,37.772107415919386,3.505917164709324,27.382278442382812,True
ph_studio_small_03_1k.exr,our_v4d_pred_bitshuf_order1,6291456,1524821,197.650709,240.202875,31.83118356534709,26.19225935576333,4.126029219167364,23.266921997070312,True
ph_studio_small_03_1k.exr,our_v3a_rct_order1,6291456,2452247,106.403083,136.411167,59.128512281923264,46.12126806304648,2.565588213585336,37.41831970214844,True
ph_studio_small_03_1k.exr,our_v3b_rct_bitshuf_order1,6291456,1572016,158.804,208.053167,39.61774262613032,30.23965503971396,4.002157738852531,23.987060546875,True
ph_studio_small_03_1k.exr,our_v3c_rct_pred_bitshuf_order1,6291456,1834437,188.085709,228.406375,33.4499416965273,27.54501051032398,3.429638630271849,27.991287231445312,True
synth_gradient_1k.exr,exr_none,6291456,6299999,21.925,5.535125,286.95352337514254,1136.6420812538108,0.9986439680387251,96.13035583496094,True
synth_gradient_1k.exr,exr_rle,6291456,6278636,28.520584,6.059959,220.5935194033895,1038.201083538684,1.0020418447573645,95.80438232421875,True
synth_gradient_1k.exr,exr_zips,6291456,2188209,31.110458,7.442458,202.22961680602708,845.346523957542,2.875162290256552,33.38941955566406,True
synth_gradient_1k.exr,exr_zip,6291456,417404,14.988667,4.477583,419.7475332529571,1405.1009216356235,15.072821535011643,6.36907958984375,True
synth_gradient_1k.exr,exr_piz,6291456,2136570,23.137459,12.779291,271.9164623911381,492.3165142729749,2.944652410171443,32.601470947265625,True
synth_gradient_1k.exr,jxl_e3_ll,6291456,2288842,229.985125,83.464333,27.355925736501437,75.37897655037871,2.748750678290594,34.924957275390625,False
synth_gradient_1k.exr,jxl_e7_ll,6291456,873883,433.336666,86.942,14.518632955929005,72.36382875940284,7.199426010118059,13.334396362304688,False
synth_gradient_1k.exr,jxl_e3_nl,6291456,268251,234.849791,83.230583,26.7892765550726,75.59067560538415,23.453616202735496,4.0931854248046875,False
synth_gradient_1k.exr,jxl_e7_nl,6291456,29963,511.43375,86.812542,12.301605046596944,72.47174031604789,209.97416814070687,0.4571990966796875,False
synth_gradient_1k.exr,zstd_3,6291456,2843480,82.25825,50.692334,76.48419459446316,124.11060023395252,2.2125902063668463,43.3880615234375,True
synth_gradient_1k.exr,zstd_19,6291456,1819300,1754.7975,42.250333,3.5852889008560815,148.90902753358182,3.4581740229758697,27.76031494140625,True
synth_gradient_1k.exr,zstd_22,6291456,1819300,2022.80675,42.993125,3.110260532796818,146.3363270290308,3.4581740229758697,27.76031494140625,True
synth_gradient_1k.exr,xz_9,6291456,659424,1756.218458,147.377792,3.58238804024687,42.68930830501247,9.54083563837531,10.06201171875,True
synth_gradient_1k.exr,bzip2_9,6291456,2824804,668.356541,414.7715,9.413323000604853,15.168486745111466,2.227218596405273,43.10308837890625,True
synth_gradient_1k.exr,lz4_9,6291456,4122817,371.74425,35.80325,16.924151483176942,175.72304190262057,1.5260090370249273,62.90919494628906,True
synth_gradient_1k.exr,zfp,6291456,3187120,43.605167,39.273292,144.28235075902816,160.19680754035082,1.9740254524460956,48.631591796875,True
synth_gradient_1k.exr,blosc_zstd9_shuf,6291456,3294282,376.126625,8.546375,16.72696262860945,736.1549194834067,1.9098109997869035,50.266754150390625,True
synth_gradient_1k.exr,blosc_zstd9_bitshuf,6291456,346098,841.7245,6.403542,7.474483634490858,982.4962497317891,18.178250091014682,5.281036376953125,True
synth_gradient_1k.exr,blosc_zstd9_noshuf,6291456,1784965,374.427875,7.292083,16.802851550515573,862.7789892133702,3.524694321737401,27.236404418945312,True
synth_gradient_1k.exr,blosc_lz4hc9_shuf,6291456,3950293,37.619458,5.596083,167.23941105158931,1124.2606658979148,1.5926555321339455,60.27668762207031,True
synth_gradient_1k.exr,blosc_lz4_shuf,6291456,4240820,6.545209,5.119584,961.2307261693248,1228.8998481126591,1.4835470498629981,64.70977783203125,True
synth_gradient_1k.exr,planes_zstd19,6291456,3175137,1064.640375,132.657417,5.90946590767798,47.42634179286033,1.9814754449965466,48.44874572753906,True
synth_gradient_1k.exr,our_v0_passthrough,6291456,6291477,11.868041,12.081417,530.117481056899,520.75480881092,0.9999966621510339,96.00032043457031,True
synth_gradient_1k.exr,our_v1a_rans_static,6291456,6291490,69.783875,79.035417,90.15630043473512,79.60299621117962,0.999994595874745,96.00051879882812,True
synth_gradient_1k.exr,our_v1b_rans_order0,6291456,5568084,91.867959,83.3695,68.48368101875433,75.46472031138487,1.1299139883665548,84.96221923828125,True
synth_gradient_1k.exr,our_v1c_rans_order1,6291456,4387581,101.834583,223.820958,61.781133821699854,28.109324775564584,1.4339236130341526,66.94917297363281,True
synth_gradient_1k.exr,our_v2a_bitshuf_order0,6291456,4338117,155.536375,129.022417,40.45006192281387,48.762503030771775,1.4502734711857703,66.19441223144531,True
synth_gradient_1k.exr,our_v2b_bitshuf_order1,6291456,1869648,157.1745,184.767625,40.02847790194975,34.05064063577155,3.3650483941362226,28.528564453125,True
synth_gradient_1k.exr,our_v4a_pred_order0,6291456,1373336,98.001917,85.318,64.19727483494022,73.74125038092784,4.581148386119638,20.9554443359375,True
synth_gradient_1k.exr,our_v4b_pred_order1,6291456,1072960,106.835791,126.037791,58.88902905207114,49.91721887604329,5.863644497464957,16.3720703125,True
synth_gradient_1k.exr,our_v4c_pred_bitshuf_order0,6291456,1850614,172.533666,136.515625,36.46509197804908,46.085977337758955,3.3996587078666862,28.238128662109375,True
synth_gradient_1k.exr,our_v4d_pred_bitshuf_order1,6291456,976573,172.713083,160.141125,36.42721148113603,39.28694768442522,6.442381675512225,14.901321411132812,True
synth_gradient_1k.exr,our_v3a_rct_order1,6291456,5172173,101.360041,181.006875,62.07037741825697,34.758105182468896,1.21640478769755,78.92109680175781,True
synth_gradient_1k.exr,our_v3b_rct_bitshuf_order1,6291456,1870042,156.497042,171.01,40.20175665684467,36.78998888953863,3.3643394105586935,28.534576416015625,True
synth_gradient_1k.exr,our_v3c_rct_pred_bitshuf_order1,6291456,2342532,181.207,205.97225,34.71971833317697,30.545163244077784,2.6857502907110766,35.74420166015625,True
synth_mixed_1k.exr,exr_none,6291456,6299999,22.071833,4.784833,285.04456335819503,1314.8747302152449,0.9986439680387251,96.13035583496094,True
synth_mixed_1k.exr,exr_rle,6291456,6299999,27.795666,5.576875,226.34665418702326,1128.1328701109492,0.9986439680387251,96.13035583496094,True
synth_mixed_1k.exr,exr_zips,6291456,6275729,57.376583,11.336708,109.65198119239692,554.963222127623,1.0025060036849902,95.76002502441406,True
synth_mixed_1k.exr,exr_zip,6291456,5978893,39.995875,8.267125,157.30262183287653,761.0210321000347,1.0522777377016113,91.23066711425781,True
synth_mixed_1k.exr,exr_piz,6291456,5267263,81.609875,12.68725,77.09184703444284,495.88807661234705,1.1944450087265435,80.37205505371094,True
synth_mixed_1k.exr,jxl_e3_ll,6291456,3982713,227.158875,133.095458,27.69628085189276,47.2702532042829,1.579691029707639,60.77137756347656,False
synth_mixed_1k.exr,jxl_e7_ll,6291456,3703998,708.09825,137.846625,8.885004305546582,45.64098685767606,1.6985581525691968,56.518524169921875,False
synth_mixed_1k.exr,jxl_e3_nl,6291456,1420754,247.0145,134.058291,25.4699865797352,46.93074895308042,4.428251477736469,21.678985595703125,False
synth_mixed_1k.exr,jxl_e7_nl,6291456,1360349,2146.819625,143.203334,2.9305936682966554,43.93372573294976,4.624883761446511,20.757278442382812,False
synth_mixed_1k.exr,zstd_3,6291456,5474314,43.70975,36.8525,143.93713073170176,170.71992402143684,1.1492683832166002,83.53140258789062,True
synth_mixed_1k.exr,zstd_19,6291456,5468877,1369.192709,40.296959,4.595011322106011,156.12731471871115,1.1504109527422175,83.44844055175781,True
synth_mixed_1k.exr,zstd_22,6291456,5468877,1477.919375,39.113625,4.256968347816674,160.85075213560492,1.1504109527422175,83.44844055175781,True
synth_mixed_1k.exr,xz_9,6291456,4430676,2025.096,404.794792,3.1067445691463518,15.542334349005165,1.419976545339808,67.60675048828125,True
synth_mixed_1k.exr,bzip2_9,6291456,5554087,1104.639334,530.611291,5.695484314521069,11.85699608491746,1.132761514178658,84.74864196777344,True
synth_mixed_1k.exr,lz4_9,6291456,6291479,181.070917,29.721833,34.745811774952244,211.67792713188317,0.9999963442618183,96.00035095214844,True
synth_mixed_1k.exr,zfp,6291456,6917144,48.477667,71.988292,129.78050284474293,87.39554481998267,0.9095453267996155,105.5472412109375,True
synth_mixed_1k.exr,blosc_zstd9_shuf,6291456,4470912,341.177833,5.834041,18.440400845151036,1078.4044884154912,1.4071974576999056,68.220703125,True
synth_mixed_1k.exr,blosc_zstd9_bitshuf,6291456,4233061,510.37475,5.555333,12.327130211672895,1132.507448248377,1.4862663212271214,64.59138488769531,True
synth_mixed_1k.exr,blosc_zstd9_noshuf,6291456,5467102,188.047041,4.718375,33.45681998793057,1333.3946538797784,1.1507844558232132,83.42135620117188,True
synth_mixed_1k.exr,blosc_lz4hc9_shuf,6291456,4715976,40.998875,3.134167,153.45435697930736,2007.3773988431376,1.3340729469361168,71.9600830078125,True
synth_mixed_1k.exr,blosc_lz4_shuf,6291456,4802006,2.932042,3.679958,2145.759167160634,1709.654294967497,1.3101724570939728,73.27279663085938,True
synth_mixed_1k.exr,planes_zstd19,6291456,4468900,877.050584,170.901833,7.173424332387197,36.81327396880524,1.4078310098682003,68.19000244140625,True
synth_mixed_1k.exr,our_v0_passthrough,6291456,6291477,13.444792,8.237416,467.9474401686542,763.765724591304,0.9999966621510339,96.00032043457031,True
synth_mixed_1k.exr,our_v1a_rans_static,6291456,6291490,64.511625,77.548708,97.52437642052888,81.12908857230735,0.999994595874745,96.00051879882812,True
synth_mixed_1k.exr,our_v1b_rans_order0,6291456,5575595,79.697208,81.850917,78.94198752859698,76.86481997507738,1.128391857729982,85.07682800292969,True
synth_mixed_1k.exr,our_v1c_rans_order1,6291456,5521446,87.629417,241.1145,71.7961640666855,26.093229565206574,1.1394580332760658,84.25057983398438,True
synth_mixed_1k.exr,our_v2a_bitshuf_order0,6291456,5458175,143.546834,122.000917,43.8285946452849,51.56892386308867,1.1526665964356217,83.28514099121094,True
synth_mixed_1k.exr,our_v2b_bitshuf_order1,6291456,4483681,166.322291,253.711875,37.826895975116166,24.797641024883053,1.403189923636405,68.41554260253906,True
synth_mixed_1k.exr,our_v4a_pred_order0,6291456,4932359,115.453416,122.597542,54.493459076169735,51.31796198654619,1.2755470556786317,75.26182556152344,True
synth_mixed_1k.exr,our_v4b_pred_order1,6291456,4753645,125.694584,278.081791,50.05351702345425,22.624480291843344,1.323501439421749,72.53486633300781,True
synth_mixed_1k.exr,our_v4c_pred_bitshuf_order0,6291456,4949862,189.833208,159.045459,33.142020125372376,39.55759591979297,1.2710366470822823,75.52890014648438,True
synth_mixed_1k.exr,our_v4d_pred_bitshuf_order1,6291456,4434080,185.21975,282.851083,33.96752236195114,22.242997740263206,1.4188864431855086,67.65869140625,True
synth_mixed_1k.exr,our_v3a_rct_order1,6291456,5794263,92.499708,253.834083,68.01595525036684,24.78570224157014,1.0858078067909587,88.41343688964844,True
synth_mixed_1k.exr,our_v3b_rct_bitshuf_order1,6291456,4518553,163.503625,279.037125,38.47900008333149,22.547021296897324,1.3923607845254886,68.94764709472656,True
synth_mixed_1k.exr,our_v3c_rct_pred_bitshuf_order1,6291456,4540322,193.842833,320.5475,32.456479832813834,19.62721905489826,1.3856849800520756,69.27981567382812,True
synth_noise_1k.exr,exr_none,6291456,6299999,18.565292,4.978917,338.88268495857756,1263.6193774670273,0.9986439680387251,96.13035583496094,True
synth_noise_1k.exr,exr_rle,6291456,6299999,21.756792,5.166208,289.17204337845396,1217.8092713262804,0.9986439680387251,96.13035583496094,True
synth_noise_1k.exr,exr_zips,6291456,6299999,54.253834,4.354708,115.96334371502667,1444.7480749570352,0.9986439680387251,96.13035583496094,True
synth_noise_1k.exr,exr_zip,6291456,6249926,34.43125,10.152042,182.72516972227265,619.723204454828,1.0066448786753635,95.36630249023438,True
synth_noise_1k.exr,exr_piz,6291456,6292063,89.799209,5.101667,70.06137437134886,1233.2157312501972,0.9999035292558259,96.00926208496094,True
synth_noise_1k.exr,jxl_e3_ll,6291456,5163708,249.376708,132.487875,25.228723445976357,47.487032303899504,1.2183988715086136,78.79193115234375,False
synth_noise_1k.exr,jxl_e7_ll,6291456,4928987,506.614291,140.274667,12.418631119902617,44.8509779745191,1.2764196781204737,75.21037292480469,False
synth_noise_1k.exr,jxl_e3_nl,6291456,2515889,250.394083,147.823208,25.126216740512994,42.56067829349232,2.5006890208590282,38.38941955566406,False
synth_noise_1k.exr,jxl_e7_nl,6291456,2475161,1648.776083,172.183459,3.815834099529451,36.5392589772517,2.5418370764568445,37.76795959472656,False
synth_noise_1k.exr,zstd_3,6291456,5572913,45.992083,44.172167,136.79432610173365,142.43032269619013,1.1289349035235252,85.03590393066406,True
synth_noise_1k.exr,zstd_19,6291456,5572050,1144.693833,37.159625,5.496191050065699,169.3089206363089,1.1291097531429186,85.02273559570312,True
synth_noise_1k.exr,zstd_22,6291456,5572050,1326.633958,37.481417,4.742420440891504,167.85534015429565,1.1291097531429186,85.02273559570312,True
synth_noise_1k.exr,xz_9,6291456,5396792,2016.138208,459.178792,3.120547973861919,13.701538724375581,1.165777002337685,82.3485107421875,True
synth_noise_1k.exr,bzip2_9,6291456,5647931,1017.902875,580.1755,6.180801876603404,10.84405666905962,1.1139399542947674,86.18058776855469,True
synth_noise_1k.exr,lz4_9,6291456,6291479,188.24025,28.862541,33.42248004876747,217.97997619128546,0.9999963442618183,96.00035095214844,True
synth_noise_1k.exr,zfp,6291456,7480936,56.360125,76.660167,111.62956079320264,82.06942726853178,0.840998506069294,114.1500244140625,True
synth_noise_1k.exr,blosc_zstd9_shuf,6291456,5007835,400.250875,6.881875,15.718781376805236,914.2066660612115,1.2563225425757838,76.41349792480469,True
synth_noise_1k.exr,blosc_zstd9_bitshuf,6291456,5062200,246.258125,8.100625,25.548216937004618,776.6630352596251,1.242830389949034,77.2430419921875,True
synth_noise_1k.exr,blosc_zstd9_noshuf,6291456,5572108,252.817375,6.409209,24.8853782300366,981.6275300118939,1.1290980002541229,85.02362060546875,True
synth_noise_1k.exr,blosc_lz4hc9_shuf,6291456,5167624,174.315083,4.837167,36.09243613187506,1300.6489128864066,1.2174755748483248,78.8516845703125,True
synth_noise_1k.exr,blosc_lz4_shuf,6291456,5500505,9.349042,5.09975,672.951945236742,1233.6792980048042,1.1437960696336065,83.93104553222656,True
synth_noise_1k.exr,planes_zstd19,6291456,4997356,1991.993333,173.125,3.1583720164991136,36.34054007220217,1.2589569364279831,76.25360107421875,True
synth_noise_1k.exr,our_v0_passthrough,6291456,6291477,15.35475,13.06425,409.74004786792364,481.5780469602159,0.9999966621510339,96.00032043457031,True
synth_noise_1k.exr,our_v1a_rans_static,6291456,6291490,71.486958,82.7765,88.00844484108556,76.00533967974002,0.999994595874745,96.00051879882812,True
synth_noise_1k.exr,our_v1b_rans_order0,6291456,5536360,87.091875,80.462041,72.23929901612522,78.19160341706967,1.1363885296476386,84.4781494140625,True
synth_noise_1k.exr,our_v1c_rans_order1,6291456,5490474,94.91675,315.751375,66.28393829329387,19.925347910203083,1.1458857650541647,83.77798461914062,True
synth_noise_1k.exr,our_v2a_bitshuf_order0,6291456,5793228,145.550417,97.875833,43.225269495449126,64.27997399521495,1.0860017938185758,88.39764404296875,True
synth_noise_1k.exr,our_v2b_bitshuf_order1,6291456,5498818,89.291542,224.138834,70.45970826665756,28.069459842019164,1.1441469784961058,83.90530395507812,True
synth_noise_1k.exr,our_v4a_pred_order0,6291456,5618400,100.365,111.156958,62.68575698699746,56.59974969808008,1.1197949594190517,85.72998046875,True
synth_noise_1k.exr,our_v4b_pred_order1,6291456,5654802,116.944375,298.582833,53.79870558117909,21.071057357138816,1.1125864353871275,86.28543090820312,True
synth_noise_1k.exr,our_v4c_pred_bitshuf_order0,6291456,5882001,163.930833,155.91325,38.3787228117117,40.35228564602431,1.0696115148569338,89.75221252441406,True
synth_noise_1k.exr,our_v4d_pred_bitshuf_order1,6291456,5712378,181.435709,320.098958,34.675952350702914,19.65472190009441,1.1013724932068572,87.16397094726562,True
synth_noise_1k.exr,our_v3a_rct_order1,6291456,5753345,95.760833,282.157334,65.69967911619983,22.29768728960276,1.0935301116133311,87.78907775878906,True
synth_noise_1k.exr,our_v3b_rct_bitshuf_order1,6291456,5569516,177.872083,320.098875,35.37067702749059,19.654726996463204,1.129623471770258,84.98406982421875,True
synth_noise_1k.exr,our_v3c_rct_pred_bitshuf_order1,6291456,5917852,204.346,432.916875,30.788251299266932,14.53271138945554,1.0631316903498094,90.29925537109375,True
synth_rgba_hdr_1k.exr,exr_none,8388608,8397169,26.959458,5.145458,311.1564038119757,1630.2937464458946,0.9989804897340997,128.13063049316406,True
synth_rgba_hdr_1k.exr,exr_rle,8388608,7422765,32.063083,8.399,261.6282408026702,998.7627098464104,1.1301190324629704,113.26240539550781,True
synth_rgba_hdr_1k.exr,exr_zips,8388608,6299112,50.510375,8.894542,166.07692973968219,943.1186001482706,1.3317127874532155,96.1168212890625,True
synth_rgba_hdr_1k.exr,exr_zip,8388608,6058854,34.920709,9.350458,240.21871949965276,897.1333810600509,1.3845205710518853,92.45077514648438,True
synth_rgba_hdr_1k.exr,exr_piz,8388608,5690619,84.507208,17.449625,99.26499997491338,480.73285242519535,1.4741116915400592,86.83195495605469,True
synth_rgba_hdr_1k.exr,jxl_e3_ll,8388608,4053637,245.689375,124.381167,34.14314518077959,67.44275039644869,2.0694028597035206,61.85359191894531,False
synth_rgba_hdr_1k.exr,jxl_e7_ll,8388608,3807121,728.490583,137.605125,11.515053448535792,60.96145038202611,2.203399366607996,58.09205627441406,False
synth_rgba_hdr_1k.exr,jxl_e3_nl,8388608,1532935,257.717292,130.888042,32.54965134431104,64.08994948522493,5.472252900481756,23.390731811523438,False
synth_rgba_hdr_1k.exr,jxl_e7_nl,8388608,1488328,2021.86825,171.2265,4.148938982547453,48.99129515583161,5.636262974290613,22.7100830078125,False
synth_rgba_hdr_1k.exr,zstd_3,8388608,5287291,98.0765,49.510417,85.53127405647632,169.43117243387388,1.5865606791833473,80.67765808105469,True
synth_rgba_hdr_1k.exr,zstd_19,8388608,5138291,3432.303791,50.960958,2.4440167627341585,164.60852246929895,1.6325677156081662,78.40409851074219,True
synth_rgba_hdr_1k.exr,zstd_22,8388608,5138291,3607.763334,52.661917,2.325154735329986,159.29173258163007,1.6325677156081662,78.40409851074219,True
synth_rgba_hdr_1k.exr,xz_9,8388608,4618424,4369.874291,386.444417,1.919645152556632,21.70715277793753,1.816335615785818,70.4715576171875,True
synth_rgba_hdr_1k.exr,bzip2_9,8388608,4807896,794.520708,557.687666,10.558073459301202,15.041767124180936,1.744756542154822,73.3626708984375,True
synth_rgba_hdr_1k.exr,lz4_9,8388608,6338042,239.841292,38.994208,34.97566215578925,215.12446156106054,1.3235330406456758,96.71084594726562,True
synth_rgba_hdr_1k.exr,zfp,8388608,6940896,46.556208,71.552,180.18237224131315,117.23792486583183,1.208577105895262,105.90966796875,True
synth_rgba_hdr_1k.exr,blosc_zstd9_shuf,8388608,4710345,445.19675,11.642167,18.842473580501203,720.5366492337723,1.780890359411041,71.87416076660156,True
synth_rgba_hdr_1k.exr,blosc_zstd9_bitshuf,8388608,4205646,488.067,12.513083,17.18741074483626,670.3869861648004,1.9946062982951964,64.17306518554688,True
synth_rgba_hdr_1k.exr,blosc_zstd9_noshuf,8388608,5054604,544.836334,6.336,15.396564943482643,1323.9595959595958,1.6595974679717738,77.12713623046875,True
synth_rgba_hdr_1k.exr,blosc_lz4hc9_shuf,8388608,5637216,66.774875,6.384625,125.62521457359523,1313.8763827162911,1.4880763838036364,86.01708984375,True
synth_rgba_hdr_1k.exr,blosc_lz4_shuf,8388608,6126700,8.74175,6.805916,959.6028255212058,1232.5465080673932,1.3691886333589045,93.48602294921875,True
synth_rgba_hdr_1k.exr,planes_zstd19,8388608,4670205,1538.782333,166.05875,5.451458481230171,50.51590476262166,1.7961969549516563,71.26167297363281,True
synth_rgba_hdr_1k.exr,our_v0_passthrough,8388608,8388629,16.227041,9.776083,516.9524129507037,858.0745478531637,0.9999974966111864,128.0003204345703,True
synth_rgba_hdr_1k.exr,our_v1a_rans_static,8388608,8388642,91.548375,99.482542,91.63033205122429,84.32241307223534,0.9999959469005829,128.00051879882812,True
synth_rgba_hdr_1k.exr,our_v1b_rans_order0,8388608,6350759,119.985958,111.182917,69.91324768186624,75.44871304284992,1.3208827480305898,96.90489196777344,True
synth_rgba_hdr_1k.exr,our_v1c_rans_order1,8388608,5685473,124.791125,313.615459,67.2211906095085,26.748069201524917,1.4754459303561902,86.75343322753906,True
synth_rgba_hdr_1k.exr,our_v2a_bitshuf_order0,8388608,5745730,206.574208,178.19525,40.60820603509224,47.075373782410026,1.459972536126828,87.67288208007812,True
synth_rgba_hdr_1k.exr,our_v2b_bitshuf_order1,8388608,4554119,217.979167,268.172,38.48353085962568,31.280700445982426,1.841982609589253,69.49034118652344,True
synth_rgba_hdr_1k.exr,our_v4a_pred_order0,8388608,5441973,170.790292,155.055209,49.11642167577066,54.10078161256743,1.5414644651856964,83.03791809082031,True
synth_rgba_hdr_1k.exr,our_v4b_pred_order1,8388608,5216134,165.934959,314.1225,50.55359069935347,26.704893791434866,1.608204083714107,79.59188842773438,True
synth_rgba_hdr_1k.exr,our_v4c_pred_bitshuf_order0,8388608,5162902,236.327166,210.825542,35.49574152638888,39.78933444411588,1.6247854404364057,78.77963256835938,True
synth_rgba_hdr_1k.exr,our_v4d_pred_bitshuf_order1,8388608,4574528,243.91175,298.009167,34.391979886167846,28.148825368180706,1.833764707528296,69.8017578125,True
synth_rgba_hdr_1k.exr,our_v3a_rct_order1,8388608,5801965,168.821,269.639125,49.68936329011201,31.110500006258366,1.445821889652902,88.53096008300781,True
synth_rgba_hdr_1k.exr,our_v3b_rct_bitshuf_order1,8388608,4554119,203.847333,245.02275,41.151423845216556,34.236037265927344,1.841982609589253,69.49034118652344,True
synth_rgba_hdr_1k.exr,our_v3c_rct_pred_bitshuf_order1,8388608,4612847,233.861209,295.542125,35.87002750849543,28.38379807954619,1.818531592311646,70.38645935058594,True
